/*
 Navicat Premium Data Transfer

 Source Server         : localhost
 Source Server Type    : MySQL
 Source Server Version : 50045
 Source Host           : localhost:3306
 Source Schema         : multiplaryer-blog

 Target Server Type    : MySQL
 Target Server Version : 50045
 File Encoding         : 65001

 Date: 13/04/2022 15:10:34
*/

SET NAMES utf8;
SET FOREIGN_KEY_CHECKS = 0;

-- ----------------------------
-- Table structure for article
-- ----------------------------
DROP TABLE IF EXISTS `article`;
CREATE TABLE `article`  (
  `article_id` bigint(20) NOT NULL AUTO_INCREMENT COMMENT '文章ID',
  `push_date` varchar(255) CHARACTER SET utf8 COLLATE utf8_general_ci NULL DEFAULT NULL COMMENT '发布日期 时间戳',
  `modify_date` varchar(255) CHARACTER SET utf8 COLLATE utf8_general_ci NULL DEFAULT NULL COMMENT '最后修改日期 时间戳',
  `user_id` bigint(20) NULL DEFAULT NULL COMMENT '发表用户ID',
  `title` varchar(150) CHARACTER SET utf8 COLLATE utf8_general_ci NULL DEFAULT NULL COMMENT '博客标题',
  `like_count` int(11) NULL DEFAULT NULL COMMENT '点赞数',
  `comment_count` int(11) NULL DEFAULT NULL COMMENT '评论数',
  `read_count` int(11) NULL DEFAULT NULL COMMENT '浏览量',
  `is_draft` varchar(10) CHARACTER SET utf8 COLLATE utf8_general_ci NULL DEFAULT NULL COMMENT '是否草稿(0:否1:是)',
  `article_summary` varchar(255) CHARACTER SET utf8 COLLATE utf8_general_ci NULL DEFAULT NULL COMMENT '文章摘要',
  `article_img` varchar(255) CHARACTER SET utf8 COLLATE utf8_general_ci NULL DEFAULT NULL COMMENT '文章封面地址(可选)',
  `category_id` bigint(20) NULL DEFAULT NULL COMMENT '分类ID',
  `tag_id` bigint(20) NULL DEFAULT NULL COMMENT '标签ID',
  PRIMARY KEY USING BTREE (`article_id`)
) ENGINE = MyISAM AUTO_INCREMENT = 15 CHARACTER SET = utf8 COLLATE = utf8_general_ci ROW_FORMAT = Dynamic;

-- ----------------------------
-- Records of article
-- ----------------------------
INSERT INTO `article` VALUES (1, '1649326613000', '1649326613000', 2, 'JavaScript技巧篇 之 如何巧妙安全取值 & 安全设置兜底值', 1, 0, 1, '0', '运算符扩展 可选链操作符 (?.) 我们来看一个项目中常见的场景： 可能你会问为什么第一条输出不会报错，但第二条输出会报错。我的理解是 从已定义的对象身上取未定义的值是可以的，但是从undefined', 'http://localhost:8001/Blog/b2d4741e-efe1-4a4e-b10e-e301c5842cfc.jpg', 2, 1);
INSERT INTO `article` VALUES (2, '1649477565000', '1649477565000', 2, '分享一下文章博客发布过程', 0, 0, 1, '0', '显示登录注册按钮，屏蔽点赞功能屏蔽点赞、关注、评论功能...', '', 2, 4);
INSERT INTO `article` VALUES (3, '1649478471000', '1649478471000', 1, '博客系统', 0, 0, 1, '0', '此项目为多人博客项目，内置小组件。采用前后端分离技术 Vue + SpringBoot前端技术后端技术', 'http://localhost:8001/Blog/d70dab49-2a27-47d3-b87a-7795d383ad4d.jpg', 1, 4);
INSERT INTO `article` VALUES (5, '1649727628000', '1649727628000', 2, '我就是一个测试用的喔', 0, 0, 1, '0', '我是第一次来到这个平台分享知识，希望能帮助到你们', 'http://localhost:8001/Blog/f1ea63cf-68a1-4769-b9ad-fe495e405750.jpg', 2, 3);
INSERT INTO `article` VALUES (13, '1649833693000', '1649833693000', 2, '', 0, 0, 1, '1', '请求', '', 0, 0);
INSERT INTO `article` VALUES (7, '1649817918000', '1649832308000', 2, '我应该在草稿箱里发布了', 0, 0, 1, '0', '你觉得我在草稿箱里吗安安', '', 2, 1);
INSERT INTO `article` VALUES (8, '1649831698000', '1649831698000', 2, ' 我是个测试么', 0, 0, 1, '0', '你要来测试我们 ', 'http://localhost:8001/Blog/30ef9dab-64a6-4565-a7b9-7f305ff98f21.jpg', 1, 2);
INSERT INTO `article` VALUES (9, '1649831743000', '1649832319000', 2, 'qqq', 0, 0, 1, '0', '你要测试我吗ww', 'http://localhost:8001/Blog/c606b297-2114-4f5e-aedb-c0a0febefa6c.jpg', 1, 1);
INSERT INTO `article` VALUES (10, '1649831848000', '1649831848000', 2, '强无敌群无多', 0, 0, 1, '0', '你要测试我吗，我不测试了我直接发布耗不过', 'http://localhost:8001/Blog/c606b297-2114-4f5e-aedb-c0a0febefa6c.jpg', 1, 1);
INSERT INTO `article` VALUES (11, '1649831997000', '1649831997000', 2, '123', 0, 0, 1, '0', '你要测试我吗wa fabu了', 'http://localhost:8001/Blog/c606b297-2114-4f5e-aedb-c0a0febefa6c.jpg', 1, 1);
INSERT INTO `article` VALUES (12, '1649833528000', '1649833528000', 2, '', 0, 0, 1, '1', '大青蛙多群无', '', 2, 2);
INSERT INTO `article` VALUES (14, '1649833781000', '1649833804000', 2, 'qwd请问', 0, 0, 1, '0', '强无敌群无多去啊', 'http://localhost:8001/Blog/9af4d541-7c82-4d63-8301-afc8cd221d71.jpg', 1, 2);

-- ----------------------------
-- Table structure for article_category
-- ----------------------------
DROP TABLE IF EXISTS `article_category`;
CREATE TABLE `article_category`  (
  `art_category_id` bigint(20) NOT NULL AUTO_INCREMENT COMMENT '分类ID',
  `category_name` varchar(46) CHARACTER SET utf8 COLLATE utf8_general_ci NULL DEFAULT NULL COMMENT '分类名称',
  `description` varchar(128) CHARACTER SET utf8 COLLATE utf8_general_ci NULL DEFAULT NULL COMMENT '分类描述',
  `create_time` varchar(255) CHARACTER SET utf8 COLLATE utf8_general_ci NULL DEFAULT NULL COMMENT '创建时间 时间戳',
  PRIMARY KEY USING BTREE (`art_category_id`)
) ENGINE = MyISAM AUTO_INCREMENT = 5 CHARACTER SET = utf8 COLLATE = utf8_general_ci ROW_FORMAT = Dynamic;

-- ----------------------------
-- Records of article_category
-- ----------------------------
INSERT INTO `article_category` VALUES (1, '后端', '后端技术', '1648955170739');
INSERT INTO `article_category` VALUES (2, '前端', NULL, NULL);
INSERT INTO `article_category` VALUES (3, 'Android', NULL, NULL);
INSERT INTO `article_category` VALUES (4, 'iOS', NULL, NULL);

-- ----------------------------
-- Table structure for article_collect
-- ----------------------------
DROP TABLE IF EXISTS `article_collect`;
CREATE TABLE `article_collect`  (
  `art_collect_id` bigint(20) NOT NULL AUTO_INCREMENT COMMENT '文章收藏id',
  `article_id` bigint(20) NULL DEFAULT NULL COMMENT '文章ID',
  `user_id` bigint(20) NULL DEFAULT NULL COMMENT '收藏用户ID',
  PRIMARY KEY USING BTREE (`art_collect_id`)
) ENGINE = MyISAM AUTO_INCREMENT = 1 CHARACTER SET = utf8 COLLATE = utf8_general_ci ROW_FORMAT = Fixed;

-- ----------------------------
-- Records of article_collect
-- ----------------------------

-- ----------------------------
-- Table structure for article_detail
-- ----------------------------
DROP TABLE IF EXISTS `article_detail`;
CREATE TABLE `article_detail`  (
  `art_detail_id` bigint(20) NOT NULL AUTO_INCREMENT COMMENT '文章详情id',
  `content_md` longtext CHARACTER SET utf8 COLLATE utf8_general_ci NULL COMMENT '文章markdown内容',
  `content_html` longtext CHARACTER SET utf8 COLLATE utf8_general_ci NULL COMMENT '文章html内容',
  `article_id` bigint(20) NULL DEFAULT NULL COMMENT '文章ID',
  PRIMARY KEY USING BTREE (`art_detail_id`)
) ENGINE = MyISAM AUTO_INCREMENT = 15 CHARACTER SET = utf8 COLLATE = utf8_general_ci ROW_FORMAT = Dynamic;

-- ----------------------------
-- Records of article_detail
-- ----------------------------
INSERT INTO `article_detail` VALUES (1, '## 运算符扩展\n\n### 可选链操作符 (?.)\n\n我们来看一个项目中常见的场景：\n\n```\n let xuan = {\n     xuan2: {\n ​\n     }\n };\n ​\n console.log(xuan.xuan2.xuan3);  // undefined\n ​\n console.log(xuan.xuan2.xuan3.xuan4);    \n // Uncaught TypeError: Cannot read properties of undefined (reading \'xuan4\')\n```\n\n可能你会问为什么第一条输出不会报错，但第二条输出会报错。我的理解是 从已定义的对象身上取未定义的值是可以的，但是从`undefined`身上取值会报错，因为xuan3未定义值为`undefined`所以才会报错。\n\n可以看出来以上取值方式是危险的，搞不好中间哪一步就为`undefined`。那么有什么办法可以安全的取值呢？有，那就是`&&`短路运算符\n\n```\n let i = 1\n console.log(i++ && false && i++);   // false\n console.log(i); // 2\n ​\n console.log(true && 2 && 0 && 4);   // 0\n```\n\n所谓`&&`逻辑运算符就是当有一个条件不满足，那么就不会继续判断后面的条件，并且输出最后一个导致终止的值\n\n总所周知，在JavaScript中null和undefined的布尔值是为false，那么我们是否可以利用这个小特性实现安全取值\n\n```\n let xuan = {\n     xuan2: {\n     },\n };\n ​\n console.log(xuan && xuan.xuan2 && xuan.xuan2.xuan3 && xuan.xuan2.xuan3.xuan4);\n // undefined\n```\n\n可以看到，当进行到了xuan.xuan2.xuan3这一步时值为undefined，就会终止后续判断。\n\n我的天啊，安全是安全了，可是多了这么多代码，那有没有什么办法既能安全又能简洁呢，当然有，此时我们的主角`?.`**可选链操作符**出场了\n\n```\n let xuan = {\n     xuan2: {\n     },\n };\n ​\n console.log(xuan?.xuan2?.xuan3?.xuan4);    // undefined\n```\n\n`?.` 操作符的功能类似于 `.` 链式操作符，不同之处在于，在引用为空([nullish](https://wiki.developer.mozilla.org/en-US/docs/Glossary/nullish) ) ([`null`](https://developer.mozilla.org/zh-CN/docs/Web/JavaScript/Reference/Global_Objects/null) 或者 [`undefined`](https://developer.mozilla.org/zh-CN/docs/Web/JavaScript/Reference/Global_Objects/undefined)) 的情况下不会引起错误，该表达式短路返回值\n\n<br><br><br><br>\n\n### 空值合并操作符 (??)\n\n我们来看这么一个场景：\n\n```\n let xuan = {\n     xuan2: {\n     },\n };\n ​\n let flag = xuan.xuan2.xuan3\n console.log(\'我的名字叫\' + flag);    // 我的名字叫undefined\n```\n\n没有从业计算机行业的朋友看到这一幕会觉得好有个性，名字居然叫未定义。但是我们看到这一幕就会知道是取值出问题了。此时我们希望如果用户没设置名字，那么就给他设置一个兜底值要怎么做？\n\n`||`短路运算符\n\n```\n console.log(false || false || \'轩小浅\');   // 轩小浅\n ​\n console.log(false || \'轩小浅\' || \'喜洋洋\');   // 轩小浅\n ​\n console.log(false || false || 0);   // 0\n```\n\n所谓`||`逻辑运算符就是当有一个表达式布尔值为true，那么就不会继续后面的判断，并且输出第一个导致终止的值，如果布尔值都不为true那么就输出最后一个值。\n\n因为undefined在布尔值里面为false，那我们可以用`||`实现设置兜底值\n\n```\n let xuan = {\n     xuan2: {\n     },\n };\n ​\n let flag = xuan.xuan2.xuan3 || \'轩小浅\'    // 如果第一个表达式不为true，那么将后面的值赋值给flag\n ​\n console.log(\'我的名字叫\' + flag);    // 我的名字叫轩小浅\n```\n\n可以看到成功了，但，真的没有一点问题吗？我们来看下面一段代码\n\n```\n let xuan = {\n     xuan2: {\n         xuan3:0,\n         xuan4:\'\',\n     },\n };\n ​\n let flag = xuan.xuan2.xuan3 || \'轩小浅\'\n ​\n let flag2 = xuan.xuan2.xuan4 || \'喜洋洋\'\n ​\n console.log(\'我的名字叫\' + flag);    // 我的名字叫轩小浅\n ​\n console.log(\'我的名字叫\' + flag2);   // 我的名字叫喜洋洋\n```\n\n可以看到，明明用户设置了名字，为什么还是动用了兜底值？因为在JavaScript中`空字符串`和`0`的布尔值都为**false**\n\n聪明的你一拍脑门就写出了下面的代码：\n\n```\n let xuan = {\n     xuan2: {\n         xuan3: 0,\n         xuan4: \'\',\n     },\n };\n ​\n let flag = xuan.xuan2.xuan3;\n let flag2 = xuan.xuan2.xuan4;\n ​\n if (flag === (undefined || null)) {\n     flag = \'轩小浅\'\n }\n ​\n if (flag2 === (undefined || null)) {\n     flag2 = \'喜洋洋\'\n }\n ​\n console.log(\'我的名字叫\' + flag);    // 我的名字叫0\n ​\n console.log(\'我的名字叫\' + flag2);   // 我的名字叫\n```\n\n是的，判断一下不就行了吗？但是你看了一眼身边的大佬是这样写的：\n\n```\n let xuan = {\n     xuan2: {\n         xuan3: 0,\n         xuan4: \'\',\n     },\n };\n ​\n let flag = xuan.xuan2.xuan3 ?? \'轩小浅\';\n let flag2 = xuan.xuan2.xuan4 ?? \'喜洋洋\';\n let flag3 = xuan.xuan2.xuan5 ?? \'灰太狼\';\n ​\n console.log(\'我的名字叫\' + flag);    // 我的名字叫0\n ​\n console.log(\'我的名字叫\' + flag2);   // 我的名字叫\n ​\n console.log(\'我的名字叫\' + flag3);   // 我的名字叫灰太狼\n```\n\n看完后你含着泪花默默改掉自己刚刚写的代码。\n\n`??`是一个逻辑操作符，当左侧的操作数为 [`null`](https://developer.mozilla.org/zh-CN/docs/Web/JavaScript/Reference/Global_Objects/null) 或者 [`undefined`](https://developer.mozilla.org/zh-CN/docs/Web/JavaScript/Reference/Global_Objects/undefined) 时，返回其右侧操作数，否则返回左侧操作数。\n\n<br><br>\n\n\n### 两者配合使用\n\n```\n let xuan = {\n     xuan2: {\n ​\n     },\n };\n ​\n let flag = xuan?.xuan2?.xuan3?.xuan4 ?? \'轩小浅\';\n ​\n console.log(flag);\n```\n\n\\', '<h2 id=\"运算符扩展\"><a href=\"#运算符扩展\">运算符扩展</a></h2><h3 id=\"可选链操作符 (?.)\"><a href=\"#可选链操作符 (?.)\">可选链操作符 (?.)</a></h3><p>我们来看一个项目中常见的场景：</p>\n<pre><code><span class=\"code-block\"> <span class=\"hljs-keyword\">let</span> xuan = {\n     <span class=\"hljs-attr\">xuan2</span>: {\n ​\n     }\n };\n ​\n <span class=\"hljs-variable language_\">console</span>.<span class=\"hljs-title function_\">log</span>(xuan.<span class=\"hljs-property\">xuan2</span>.<span class=\"hljs-property\">xuan3</span>);  <span class=\"hljs-comment\">// undefined</span>\n ​\n <span class=\"hljs-variable language_\">console</span>.<span class=\"hljs-title function_\">log</span>(xuan.<span class=\"hljs-property\">xuan2</span>.<span class=\"hljs-property\">xuan3</span>.<span class=\"hljs-property\">xuan4</span>);    \n <span class=\"hljs-comment\">// Uncaught TypeError: Cannot read properties of undefined (reading &#x27;xuan4&#x27;)</span></span>\n</code></pre>\n<p>可能你会问为什么第一条输出不会报错，但第二条输出会报错。我的理解是 从已定义的对象身上取未定义的值是可以的，但是从<code>undefined</code>身上取值会报错，因为xuan3未定义值为<code>undefined</code>所以才会报错。</p>\n<p>可以看出来以上取值方式是危险的，搞不好中间哪一步就为<code>undefined</code>。那么有什么办法可以安全的取值呢？有，那就是<code>&amp;&amp;</code>短路运算符</p>\n<pre><code><span class=\"code-block\"> <span class=\"hljs-keyword\">let</span> i = <span class=\"hljs-number\">1</span>\n <span class=\"hljs-variable language_\">console</span>.<span class=\"hljs-title function_\">log</span>(i++ &amp;&amp; <span class=\"hljs-literal\">false</span> &amp;&amp; i++);   <span class=\"hljs-comment\">// false</span>\n <span class=\"hljs-variable language_\">console</span>.<span class=\"hljs-title function_\">log</span>(i); <span class=\"hljs-comment\">// 2</span>\n ​\n <span class=\"hljs-variable language_\">console</span>.<span class=\"hljs-title function_\">log</span>(<span class=\"hljs-literal\">true</span> &amp;&amp; <span class=\"hljs-number\">2</span> &amp;&amp; <span class=\"hljs-number\">0</span> &amp;&amp; <span class=\"hljs-number\">4</span>);   <span class=\"hljs-comment\">// 0</span></span>\n</code></pre>\n<p>所谓<code>&amp;&amp;</code>逻辑运算符就是当有一个条件不满足，那么就不会继续判断后面的条件，并且输出最后一个导致终止的值</p>\n<p>总所周知，在JavaScript中null和undefined的布尔值是为false，那么我们是否可以利用这个小特性实现安全取值</p>\n<pre><code><span class=\"code-block\"> <span class=\"hljs-keyword\">let</span> xuan = {\n     <span class=\"hljs-attr\">xuan2</span>: {\n     },\n };\n ​\n <span class=\"hljs-variable language_\">console</span>.<span class=\"hljs-title function_\">log</span>(xuan &amp;&amp; xuan.<span class=\"hljs-property\">xuan2</span> &amp;&amp; xuan.<span class=\"hljs-property\">xuan2</span>.<span class=\"hljs-property\">xuan3</span> &amp;&amp; xuan.<span class=\"hljs-property\">xuan2</span>.<span class=\"hljs-property\">xuan3</span>.<span class=\"hljs-property\">xuan4</span>);\n <span class=\"hljs-comment\">// undefined</span></span>\n</code></pre>\n<p>可以看到，当进行到了xuan.xuan2.xuan3这一步时值为undefined，就会终止后续判断。</p>\n<p>我的天啊，安全是安全了，可是多了这么多代码，那有没有什么办法既能安全又能简洁呢，当然有，此时我们的主角<code>?.</code><strong>可选链操作符</strong>出场了</p>\n<pre><code><span class=\"code-block\"> <span class=\"hljs-keyword\">let</span> xuan = {\n     <span class=\"hljs-attr\">xuan2</span>: {\n     },\n };\n ​\n <span class=\"hljs-variable language_\">console</span>.<span class=\"hljs-title function_\">log</span>(xuan?.<span class=\"hljs-property\">xuan2</span>?.<span class=\"hljs-property\">xuan3</span>?.<span class=\"hljs-property\">xuan4</span>);    <span class=\"hljs-comment\">// undefined</span></span>\n</code></pre>\n<p><code>?.</code> 操作符的功能类似于 <code>.</code> 链式操作符，不同之处在于，在引用为空(<a href=\"https://wiki.developer.mozilla.org/en-US/docs/Glossary/nullish\">nullish</a> ) (<a href=\"https://developer.mozilla.org/zh-CN/docs/Web/JavaScript/Reference/Global_Objects/null\"><code>null</code></a> 或者 <a href=\"https://developer.mozilla.org/zh-CN/docs/Web/JavaScript/Reference/Global_Objects/undefined\"><code>undefined</code></a>) 的情况下不会引起错误，该表达式短路返回值</p>\n<p><br><br><br><br></p>\n<h3 id=\"空值合并操作符 (??)\"><a href=\"#空值合并操作符 (??)\">空值合并操作符 (??)</a></h3><p>我们来看这么一个场景：</p>\n<pre><code><span class=\"code-block\"> <span class=\"hljs-keyword\">let</span> xuan = {\n     <span class=\"hljs-attr\">xuan2</span>: {\n     },\n };\n ​\n <span class=\"hljs-keyword\">let</span> flag = xuan.<span class=\"hljs-property\">xuan2</span>.<span class=\"hljs-property\">xuan3</span>\n <span class=\"hljs-variable language_\">console</span>.<span class=\"hljs-title function_\">log</span>(<span class=\"hljs-string\">&#x27;我的名字叫&#x27;</span> + flag);    <span class=\"hljs-comment\">// 我的名字叫undefined</span></span>\n</code></pre>\n<p>没有从业计算机行业的朋友看到这一幕会觉得好有个性，名字居然叫未定义。但是我们看到这一幕就会知道是取值出问题了。此时我们希望如果用户没设置名字，那么就给他设置一个兜底值要怎么做？</p>\n<p><code>||</code>短路运算符</p>\n<pre><code><span class=\"code-block\"> <span class=\"hljs-variable language_\">console</span>.<span class=\"hljs-title function_\">log</span>(<span class=\"hljs-literal\">false</span> || <span class=\"hljs-literal\">false</span> || <span class=\"hljs-string\">&#x27;轩小浅&#x27;</span>);   <span class=\"hljs-comment\">// 轩小浅</span>\n ​\n <span class=\"hljs-variable language_\">console</span>.<span class=\"hljs-title function_\">log</span>(<span class=\"hljs-literal\">false</span> || <span class=\"hljs-string\">&#x27;轩小浅&#x27;</span> || <span class=\"hljs-string\">&#x27;喜洋洋&#x27;</span>);   <span class=\"hljs-comment\">// 轩小浅</span>\n ​\n <span class=\"hljs-variable language_\">console</span>.<span class=\"hljs-title function_\">log</span>(<span class=\"hljs-literal\">false</span> || <span class=\"hljs-literal\">false</span> || <span class=\"hljs-number\">0</span>);   <span class=\"hljs-comment\">// 0</span></span>\n</code></pre>\n<p>所谓<code>||</code>逻辑运算符就是当有一个表达式布尔值为true，那么就不会继续后面的判断，并且输出第一个导致终止的值，如果布尔值都不为true那么就输出最后一个值。</p>\n<p>因为undefined在布尔值里面为false，那我们可以用<code>||</code>实现设置兜底值</p>\n<pre><code><span class=\"code-block\"> <span class=\"hljs-keyword\">let</span> xuan = {\n     <span class=\"hljs-attr\">xuan2</span>: {\n     },\n };\n ​\n <span class=\"hljs-keyword\">let</span> flag = xuan.<span class=\"hljs-property\">xuan2</span>.<span class=\"hljs-property\">xuan3</span> || <span class=\"hljs-string\">&#x27;轩小浅&#x27;</span>    <span class=\"hljs-comment\">// 如果第一个表达式不为true，那么将后面的值赋值给flag</span>\n ​\n <span class=\"hljs-variable language_\">console</span>.<span class=\"hljs-title function_\">log</span>(<span class=\"hljs-string\">&#x27;我的名字叫&#x27;</span> + flag);    <span class=\"hljs-comment\">// 我的名字叫轩小浅</span></span>\n</code></pre>\n<p>可以看到成功了，但，真的没有一点问题吗？我们来看下面一段代码</p>\n<pre><code><span class=\"code-block\"> <span class=\"hljs-keyword\">let</span> xuan = {\n     <span class=\"hljs-attr\">xuan2</span>: {\n         <span class=\"hljs-attr\">xuan3</span>:<span class=\"hljs-number\">0</span>,\n         <span class=\"hljs-attr\">xuan4</span>:<span class=\"hljs-string\">&#x27;&#x27;</span>,\n     },\n };\n ​\n <span class=\"hljs-keyword\">let</span> flag = xuan.<span class=\"hljs-property\">xuan2</span>.<span class=\"hljs-property\">xuan3</span> || <span class=\"hljs-string\">&#x27;轩小浅&#x27;</span>\n ​\n <span class=\"hljs-keyword\">let</span> flag2 = xuan.<span class=\"hljs-property\">xuan2</span>.<span class=\"hljs-property\">xuan4</span> || <span class=\"hljs-string\">&#x27;喜洋洋&#x27;</span>\n ​\n <span class=\"hljs-variable language_\">console</span>.<span class=\"hljs-title function_\">log</span>(<span class=\"hljs-string\">&#x27;我的名字叫&#x27;</span> + flag);    <span class=\"hljs-comment\">// 我的名字叫轩小浅</span>\n ​\n <span class=\"hljs-variable language_\">console</span>.<span class=\"hljs-title function_\">log</span>(<span class=\"hljs-string\">&#x27;我的名字叫&#x27;</span> + flag2);   <span class=\"hljs-comment\">// 我的名字叫喜洋洋</span></span>\n</code></pre>\n<p>可以看到，明明用户设置了名字，为什么还是动用了兜底值？因为在JavaScript中<code>空字符串</code>和<code>0</code>的布尔值都为<strong>false</strong></p>\n<p>聪明的你一拍脑门就写出了下面的代码：</p>\n<pre><code><span class=\"code-block\"> <span class=\"hljs-keyword\">let</span> xuan = {\n     <span class=\"hljs-attr\">xuan2</span>: {\n         <span class=\"hljs-attr\">xuan3</span>: <span class=\"hljs-number\">0</span>,\n         <span class=\"hljs-attr\">xuan4</span>: <span class=\"hljs-string\">&#x27;&#x27;</span>,\n     },\n };\n ​\n <span class=\"hljs-keyword\">let</span> flag = xuan.<span class=\"hljs-property\">xuan2</span>.<span class=\"hljs-property\">xuan3</span>;\n <span class=\"hljs-keyword\">let</span> flag2 = xuan.<span class=\"hljs-property\">xuan2</span>.<span class=\"hljs-property\">xuan4</span>;\n ​\n <span class=\"hljs-keyword\">if</span> (flag === (<span class=\"hljs-literal\">undefined</span> || <span class=\"hljs-literal\">null</span>)) {\n     flag = <span class=\"hljs-string\">&#x27;轩小浅&#x27;</span>\n }\n ​\n <span class=\"hljs-keyword\">if</span> (flag2 === (<span class=\"hljs-literal\">undefined</span> || <span class=\"hljs-literal\">null</span>)) {\n     flag2 = <span class=\"hljs-string\">&#x27;喜洋洋&#x27;</span>\n }\n ​\n <span class=\"hljs-variable language_\">console</span>.<span class=\"hljs-title function_\">log</span>(<span class=\"hljs-string\">&#x27;我的名字叫&#x27;</span> + flag);    <span class=\"hljs-comment\">// 我的名字叫0</span>\n ​\n <span class=\"hljs-variable language_\">console</span>.<span class=\"hljs-title function_\">log</span>(<span class=\"hljs-string\">&#x27;我的名字叫&#x27;</span> + flag2);   <span class=\"hljs-comment\">// 我的名字叫</span></span>\n</code></pre>\n<p>是的，判断一下不就行了吗？但是你看了一眼身边的大佬是这样写的：</p>\n<pre><code><span class=\"code-block\"> <span class=\"hljs-keyword\">let</span> xuan = {\n     <span class=\"hljs-attr\">xuan2</span>: {\n         <span class=\"hljs-attr\">xuan3</span>: <span class=\"hljs-number\">0</span>,\n         <span class=\"hljs-attr\">xuan4</span>: <span class=\"hljs-string\">&#x27;&#x27;</span>,\n     },\n };\n ​\n <span class=\"hljs-keyword\">let</span> flag = xuan.<span class=\"hljs-property\">xuan2</span>.<span class=\"hljs-property\">xuan3</span> ?? <span class=\"hljs-string\">&#x27;轩小浅&#x27;</span>;\n <span class=\"hljs-keyword\">let</span> flag2 = xuan.<span class=\"hljs-property\">xuan2</span>.<span class=\"hljs-property\">xuan4</span> ?? <span class=\"hljs-string\">&#x27;喜洋洋&#x27;</span>;\n <span class=\"hljs-keyword\">let</span> flag3 = xuan.<span class=\"hljs-property\">xuan2</span>.<span class=\"hljs-property\">xuan5</span> ?? <span class=\"hljs-string\">&#x27;灰太狼&#x27;</span>;\n ​\n <span class=\"hljs-variable language_\">console</span>.<span class=\"hljs-title function_\">log</span>(<span class=\"hljs-string\">&#x27;我的名字叫&#x27;</span> + flag);    <span class=\"hljs-comment\">// 我的名字叫0</span>\n ​\n <span class=\"hljs-variable language_\">console</span>.<span class=\"hljs-title function_\">log</span>(<span class=\"hljs-string\">&#x27;我的名字叫&#x27;</span> + flag2);   <span class=\"hljs-comment\">// 我的名字叫</span>\n ​\n <span class=\"hljs-variable language_\">console</span>.<span class=\"hljs-title function_\">log</span>(<span class=\"hljs-string\">&#x27;我的名字叫&#x27;</span> + flag3);   <span class=\"hljs-comment\">// 我的名字叫灰太狼</span></span>\n</code></pre>\n<p>看完后你含着泪花默默改掉自己刚刚写的代码。</p>\n<p><code>??</code>是一个逻辑操作符，当左侧的操作数为 <a href=\"https://developer.mozilla.org/zh-CN/docs/Web/JavaScript/Reference/Global_Objects/null\"><code>null</code></a> 或者 <a href=\"https://developer.mozilla.org/zh-CN/docs/Web/JavaScript/Reference/Global_Objects/undefined\"><code>undefined</code></a> 时，返回其右侧操作数，否则返回左侧操作数。</p>\n<p><br><br></p>\n<h3 id=\"两者配合使用\"><a href=\"#两者配合使用\">两者配合使用</a></h3><pre><code><span class=\"code-block\"> <span class=\"hljs-keyword\">let</span> xuan = {\n     <span class=\"hljs-attr\">xuan2</span>: {\n ​\n     },\n };\n ​\n <span class=\"hljs-keyword\">let</span> flag = xuan?.<span class=\"hljs-property\">xuan2</span>?.<span class=\"hljs-property\">xuan3</span>?.<span class=\"hljs-property\">xuan4</span> ?? <span class=\"hljs-string\">&#x27;轩小浅&#x27;</span>;\n ​\n <span class=\"hljs-variable language_\">console</span>.<span class=\"hljs-title function_\">log</span>(flag);</span>\n</code></pre>\n<p>\\</p>\n', 1);
INSERT INTO `article_detail` VALUES (2, '# 页面流程说明书\n\n\n\n## 主页\n\n### 1. 中性\n\n~~~mysql\n# mysql语句\nselect u.nick_name, \n		a.article_id,a.push_date,a.title,a.article_img,a.article_summary,a.read_count,a.like_count,a.comment_count,\n\nt.tag_name\n\nfrom \n	article a \njoin \n	users u \non \n	a.user_id = u.user_id\njoin \n	article_tag t\non a.tag_id = art_tag_id;\n\n\n\n| nick_name | article_id | push_date | title | article_img | article_summary | read_count | like_count | comment_count | tag_name |\n~~~\n\n\n\n~~~json\n// 文章列表\n{\n    articleId:1,\n    pushDate:8484694849,\n    TagName:\'Vue.js\',\n    title:\'我是文章标题\',\n    articleImg?:\'xuanxiaoqian.com/article,jpg\',\n    nickName:\'轩小浅\',\n    articleSummary:\'我是文章的摘要鸭\',\n    readCount:999,\n    likeCount:199,\n    commentCount:100\n}\n~~~\n\n\n\n\n\n### 2. 未登录\n\n显示登录注册按钮，屏蔽点赞功能\n\n\n\n\n\n### 3. 已登录\n\n~~~json\n// 头部数据\n{\n    userId:1,\n    userName:\'轩小浅\',\n    headpic:\'xuanxiaoqian.com/xuan1.jpg\'\n}\n~~~\n\n\n\n\n\n\n\n## 文章详情页\n\n### 1. 中性\n\n~~~json\n// 文章内容\n{\n    articleId:1,\n    pushDate:8484694849,\n    TagName:\'Vue.js\',\n    title:\'我是文章标题\',\n    articleImg?:\'xuanxiaoqian.com/article,jpg\',\n    nickName:\'轩小浅\',\n    articleSummary:\'我是文章的摘要鸭\',\n    readCount:999,\n    likeCount:199,\n    commentCount:100,\n    contentMd:\'xxxx\'\n}\n~~~\n\n\n\n\n\n### 2. 未登录\n\n屏蔽点赞、关注、评论功能\n\n\n\n### 3. 已登录\n\n...\n\n\n\n\n\n\n\n## 用户主页\n\n~~~mysql\nselect u.user_id,u.nick_name,u.headpic,u.summary,\n		s.fans_count,s.follow_count,s.article_count,\n		f.user_follow_id\nfrom \n	users u\njoin\n	user_social s\non u.user_id = s.user_id and u.home_address = \'xuanxiaoqian\'\nleft join\n	user_follow f\non f.passive_follow_id = u.user_id and active_follow_id= 1;\n~~~\n\n**左连接查询**\n\n\n\n\n\n\n\n## 文章内容\n\n~~~mysql\nselect \n	u.user_id,u.nick_name,u.headpic,\n	\n	a.article_id,a.push_date,a.title,a.like_count,a.comment_count,\n	a.read_count,a.article_img,\n	\n	d.content_md,\n	\n	f.user_follow_id\n\nfrom \n	article a \nleft join\n	article_detail d\non\n	a.article_id = d.article_id\nleft join \n	users u\non \n	u.user_id = a.user_id and a.article_id = 1\nleft join\n	user_follow f\non \n	f.passive_follow_id = u.user_id and active_follow_id= 1;\n~~~\n\n\n\n~~~mysql\n        select\n            u.user_id userId,u.nick_name nickName,u.headpic,\n\n            a.article_id articleId,a.push_date pushDate,a.title,a.like_count likeCount,a.comment_count commentCount,\n            a.read_count readCount,a.article_img articleImg,\n\n            d.content_md contentMd,\n\n            f.user_follow_id userFollowId\n\n        from\n            article a\n        left join\n            article_detail d\n        on\n            a.article_id = d.article_id\n        join\n            users u\n        on\n            u.user_id = a.user_id and a.article_id = #{articeId}\n        left join\n            user_follow f\n        on\n            f.passive_follow_id = u.user_id and active_follow_id= #{userId};\n~~~\n\n\n\n\n\n\n\n\n\n## 新增文章\n\n~~~mysql\ninsert into article(push_date pushDate, modify_date modifyDate,user_id userId,title,\n                    like_count lickCount,comment_count commentCount,\n                    read_count readCount,top_flag topFlag, \n    				article_summary articleSummary,article_img articleImg,\n                    category_id category_id,tag_id tagId)\n                    \n             value(1,1,1,1,1,1,1,1,1,1,1,1);\n~~~\n\n~~~mysql\ninsert into article(push_date, modify_date,user_id,title,\n                    like_count,comment_count,\n                    read_count,top_flag, \n    				article_summary,article_img,\n                    category_id,tag_id)\n                    \n             value(1,1,1,1,1,1,1,1,1,1,1,1);\n~~~\n\n', '<h1 id=\"页面流程说明书\"><a href=\"#页面流程说明书\">页面流程说明书</a></h1><h2 id=\"主页\"><a href=\"#主页\">主页</a></h2><h3 id=\"1. 中性\"><a href=\"#1. 中性\">1. 中性</a></h3><pre><code class=\"language-mysql\"><span class=\"code-block\"><span class=\"hljs-meta\"># mysql语句</span>\n<span class=\"hljs-keyword\">select</span> u.nick_name, \n        a.article_id,a.push_date,a.title,a.article_img,a.article_summary,a.read_count,a.like_count,a.comment_count,\n\nt.tag_name\n\n<span class=\"hljs-keyword\">from</span> \n    article a \n<span class=\"hljs-keyword\">join</span> \n    users u \n<span class=\"hljs-keyword\">on</span> \n    a.user_id = u.user_id\n<span class=\"hljs-keyword\">join</span> \n    article_tag t\n<span class=\"hljs-keyword\">on</span> a.tag_id = art_tag_id;\n\n\n\n| nick_name | article_id | push_date | title | article_img | article_summary | read_count | like_count | comment_count | tag_name |</span>\n</code></pre>\n<pre><code class=\"language-json\"><span class=\"code-block\"><span class=\"hljs-comment\">// 文章列表</span>\n{\n    articleId:<span class=\"hljs-number\">1</span>,\n    pushDate:<span class=\"hljs-number\">8484694849</span>,\n    TagName:<span class=\"hljs-string\">&#x27;Vue.js&#x27;</span>,\n    title:<span class=\"hljs-string\">&#x27;我是文章标题&#x27;</span>,\n    articleImg?:<span class=\"hljs-string\">&#x27;xuanxiaoqian.com/article,jpg&#x27;</span>,\n    nickName:<span class=\"hljs-string\">&#x27;轩小浅&#x27;</span>,\n    articleSummary:<span class=\"hljs-string\">&#x27;我是文章的摘要鸭&#x27;</span>,\n    readCount:<span class=\"hljs-number\">999</span>,\n    likeCount:<span class=\"hljs-number\">199</span>,\n    commentCount:<span class=\"hljs-number\">100</span>\n}</span>\n</code></pre>\n<h3 id=\"2. 未登录\"><a href=\"#2. 未登录\">2. 未登录</a></h3><p>显示登录注册按钮，屏蔽点赞功能</p>\n<h3 id=\"3. 已登录\"><a href=\"#3. 已登录\">3. 已登录</a></h3><pre><code class=\"language-json\"><span class=\"code-block\"><span class=\"hljs-comment\">// 头部数据</span>\n{\n    userId:<span class=\"hljs-number\">1</span>,\n    userName:<span class=\"hljs-string\">&#x27;轩小浅&#x27;</span>,\n    headpic:<span class=\"hljs-string\">&#x27;xuanxiaoqian.com/xuan1.jpg&#x27;</span>\n}</span>\n</code></pre>\n<h2 id=\"文章详情页\"><a href=\"#文章详情页\">文章详情页</a></h2><h3 id=\"1. 中性\"><a href=\"#1. 中性\">1. 中性</a></h3><pre><code class=\"language-json\"><span class=\"code-block\"><span class=\"hljs-comment\">// 文章内容</span>\n{\n    articleId:<span class=\"hljs-number\">1</span>,\n    pushDate:<span class=\"hljs-number\">8484694849</span>,\n    TagName:<span class=\"hljs-string\">&#x27;Vue.js&#x27;</span>,\n    title:<span class=\"hljs-string\">&#x27;我是文章标题&#x27;</span>,\n    articleImg?:<span class=\"hljs-string\">&#x27;xuanxiaoqian.com/article,jpg&#x27;</span>,\n    nickName:<span class=\"hljs-string\">&#x27;轩小浅&#x27;</span>,\n    articleSummary:<span class=\"hljs-string\">&#x27;我是文章的摘要鸭&#x27;</span>,\n    readCount:<span class=\"hljs-number\">999</span>,\n    likeCount:<span class=\"hljs-number\">199</span>,\n    commentCount:<span class=\"hljs-number\">100</span>,\n    contentMd:<span class=\"hljs-string\">&#x27;xxxx&#x27;</span>\n}</span>\n</code></pre>\n<h3 id=\"2. 未登录\"><a href=\"#2. 未登录\">2. 未登录</a></h3><p>屏蔽点赞、关注、评论功能</p>\n<h3 id=\"3. 已登录\"><a href=\"#3. 已登录\">3. 已登录</a></h3><p>...</p>\n<h2 id=\"用户主页\"><a href=\"#用户主页\">用户主页</a></h2><pre><code class=\"language-mysql\"><span class=\"code-block\"><span class=\"hljs-keyword\">select</span> u.user_id,u.nick_name,u.headpic,u.summary,\n        s.fans_count,s.follow_count,s.article_count,\n        f.user_follow_id\n<span class=\"hljs-keyword\">from</span> \n    users u\n<span class=\"hljs-keyword\">join</span>\n    user_social s\n<span class=\"hljs-keyword\">on</span> u.user_id = s.user_id <span class=\"hljs-keyword\">and</span> u.home_address = <span class=\"hljs-string\">&#x27;xuanxiaoqian&#x27;</span>\nleft <span class=\"hljs-keyword\">join</span>\n    user_follow f\n<span class=\"hljs-keyword\">on</span> f.passive_follow_id = u.user_id <span class=\"hljs-keyword\">and</span> active_follow_id= <span class=\"hljs-number\">1</span>;</span>\n</code></pre>\n<p><strong>左连接查询</strong></p>\n<h2 id=\"文章内容\"><a href=\"#文章内容\">文章内容</a></h2><pre><code class=\"language-mysql\"><span class=\"code-block\"><span class=\"hljs-keyword\">select</span> \n    u.user_id,u.nick_name,u.headpic,\n    \n    a.article_id,a.push_date,a.title,a.like_count,a.comment_count,\n    a.read_count,a.article_img,\n    \n    d.content_md,\n    \n    f.user_follow_id\n\n<span class=\"hljs-keyword\">from</span> \n    article a \nleft <span class=\"hljs-keyword\">join</span>\n    article_detail d\n<span class=\"hljs-keyword\">on</span>\n    a.article_id = d.article_id\nleft <span class=\"hljs-keyword\">join</span> \n    users u\n<span class=\"hljs-keyword\">on</span> \n    u.user_id = a.user_id <span class=\"hljs-keyword\">and</span> a.article_id = <span class=\"hljs-number\">1</span>\nleft <span class=\"hljs-keyword\">join</span>\n    user_follow f\n<span class=\"hljs-keyword\">on</span> \n    f.passive_follow_id = u.user_id <span class=\"hljs-keyword\">and</span> active_follow_id= <span class=\"hljs-number\">1</span>;</span>\n</code></pre>\n<pre><code class=\"language-mysql\"><span class=\"code-block\">        <span class=\"hljs-keyword\">select</span>\n            u.user_id userId,u.nick_name nickName,u.headpic,\n\n            a.article_id articleId,a.push_date pushDate,a.title,a.like_count likeCount,a.comment_count commentCount,\n            a.read_count readCount,a.article_img articleImg,\n\n            d.content_md contentMd,\n\n            f.user_follow_id userFollowId\n\n        <span class=\"hljs-keyword\">from</span>\n            article a\n        left <span class=\"hljs-keyword\">join</span>\n            article_detail d\n        <span class=\"hljs-keyword\">on</span>\n            a.article_id = d.article_id\n        <span class=\"hljs-keyword\">join</span>\n            users u\n        <span class=\"hljs-keyword\">on</span>\n            u.user_id = a.user_id <span class=\"hljs-keyword\">and</span> a.article_id = <span class=\"hljs-meta\">#{articeId}</span>\n        left <span class=\"hljs-keyword\">join</span>\n            user_follow f\n        <span class=\"hljs-keyword\">on</span>\n            f.passive_follow_id = u.user_id <span class=\"hljs-keyword\">and</span> active_follow_id= <span class=\"hljs-meta\">#{userId};</span></span>\n</code></pre>\n<h2 id=\"新增文章\"><a href=\"#新增文章\">新增文章</a></h2><pre><code class=\"language-mysql\"><span class=\"code-block\"><span class=\"hljs-function\">insert <span class=\"hljs-keyword\">into</span> <span class=\"hljs-title\">article</span>(<span class=\"hljs-params\">push_date pushDate, modify_date modifyDate,user_id userId,title,\n                    like_count lickCount,comment_count commentCount,\n                    read_count readCount,top_flag topFlag, \n                    article_summary articleSummary,article_img articleImg,\n                    category_id category_id,tag_id tagId</span>)\n                    \n             <span class=\"hljs-title\">value</span>(<span class=\"hljs-params\"><span class=\"hljs-number\">1</span>,<span class=\"hljs-number\">1</span>,<span class=\"hljs-number\">1</span>,<span class=\"hljs-number\">1</span>,<span class=\"hljs-number\">1</span>,<span class=\"hljs-number\">1</span>,<span class=\"hljs-number\">1</span>,<span class=\"hljs-number\">1</span>,<span class=\"hljs-number\">1</span>,<span class=\"hljs-number\">1</span>,<span class=\"hljs-number\">1</span>,<span class=\"hljs-number\">1</span></span>)</span>;</span>\n</code></pre>\n<pre><code class=\"language-mysql\"><span class=\"code-block\"><span class=\"hljs-function\">insert <span class=\"hljs-keyword\">into</span> <span class=\"hljs-title\">article</span>(<span class=\"hljs-params\">push_date, modify_date,user_id,title,\n                    like_count,comment_count,\n                    read_count,top_flag, \n                    article_summary,article_img,\n                    category_id,tag_id</span>)\n                    \n             <span class=\"hljs-title\">value</span>(<span class=\"hljs-params\"><span class=\"hljs-number\">1</span>,<span class=\"hljs-number\">1</span>,<span class=\"hljs-number\">1</span>,<span class=\"hljs-number\">1</span>,<span class=\"hljs-number\">1</span>,<span class=\"hljs-number\">1</span>,<span class=\"hljs-number\">1</span>,<span class=\"hljs-number\">1</span>,<span class=\"hljs-number\">1</span>,<span class=\"hljs-number\">1</span>,<span class=\"hljs-number\">1</span>,<span class=\"hljs-number\">1</span></span>)</span>;</span>\n</code></pre>\n', 2);
INSERT INTO `article_detail` VALUES (3, '# 博客系统\n\n\n\n## 1. 介绍\n\n> 此项目为多人博客项目，内置小组件。\n\n项目地址： https://gitee.com/xuanxiaoqian/multiplayer-blog\n\n\n\n## 2. 数据库设计\n\n### 用户表 users\n\n| 字段          | 类型         | 说明                   |\n| ------------- | ------------ | ---------------------- |\n| user_id       | bigint       | 用户ID                 |\n| user_name     | varchar(50)  | 用户名                 |\n| pass_word     | varchar(50)  | 用户密码               |\n| email         | varchar(60)  | 邮箱                   |\n| nick_name     | varchar(50)  | 昵称                   |\n| gender        | varchar(5)   | 性别(1:男 2:女 0:未知) |\n| headpic       | varchar(255) | 头像地址               |\n| mobile_phone  | varchar(32)  | 手机号                 |\n| register_time | varchar(255) | 注册时间 时间戳        |\n| summary       | varchar(200) | 自我简介               |\n| home_address  | varchar(100) | 自定义的访问路径       |\n| qq_number     | varchar(50)  | QQ号                   |\n| we_chat       | varchar(50)  | 微信号                 |\n| blog_address  | varchar(100) | 自己的博客链接         |\n\n\n\n### 文章表 article\n\n| 字段           | 类型         | 说明                |\n| -------------- | ------------ | ------------------- |\n| article_id     | bigint       | 文章ID              |\n| push_date      | varchar(255) | 发布日期 时间戳     |\n| modify_date    | varchar(255) | 最后修改日期 时间戳 |\n| user_id        | bigint       | 发表用户ID          |\n| title          | varchar(150) | 博客标题            |\n| like_count     | int          | 点赞数              |\n| comment_count  | int          | 评论数              |\n| read_count     | int          | 浏览量              |\n| top_flag       | varchar(10)  | 是否顶置(0:否1:是)  |\n| aricle_summary | varchar(255) | 文章摘要            |\n| article_img    | varchar(255) | 文章封面地址(可选)  |\n| category_id    | bigint       | 分类ID              |\n| tag_id         | bigint       | 标签ID              |\n\n\n\n### 文章草稿箱article_draft\n\n| 字段         | 类型         | 说明                |\n| ------------ | ------------ | ------------------- |\n| art_draft_id | bigint       | 文章草稿箱id        |\n| content_md   | longtext     | 文章markdown内容    |\n| user_id      | bigint       | 用户ID              |\n| create_time  | varchar(255) | 创建时间 时间戳     |\n| modify_date  | varchar(255) | 最后修改日期 时间戳 |\n\n\n\n\n\n### 文章收藏表article_collect\n\n| 字段           | 类型   | 说明       |\n| -------------- | ------ | ---------- |\n| art_collect_id | bigint | 文章收藏id |\n| article_id     | bigint | 文章ID     |\n| user_id        | bigint | 收藏用户ID |\n\n\n\n\n\n\n\n### 文章详情表 article_detail\n\n| 字段          | 类型     | 说明             |\n| ------------- | -------- | ---------------- |\n| art_detail_id | bigint   | 文章详情id       |\n| content_md    | longtext | 文章markdown内容 |\n| content_html  | longtext | 文章html内容     |\n| article_id    | bignit   | 文章ID           |\n\n\n\n### 文章分类表 article_category\n\n| 字段            | 类型         | 说明            |\n| --------------- | ------------ | --------------- |\n| art_category_id | bigint       | 分类ID          |\n| category_name   | varchar(46)  | 分类名称        |\n| description     | varchar(128) | 分类描述        |\n| create_time     | varchar(255) | 创建时间 时间戳 |\n\n\n\n### 文章标签表 article_tag\n\n| 字段        | 类型         | 说明            |\n| ----------- | ------------ | --------------- |\n| art_tag_id  | bigint       | 标签ID          |\n| tag_name    | varchar(64)  | 标签名称        |\n| description | varchar(128) | 标签描述        |\n| create_time | varchar(255) | 创建时间 时间戳 |\n\n\n\n### 文章评论表 article_discuss\n\n| 字段           | 类型          | 说明            |\n| -------------- | ------------- | --------------- |\n| art_discuss_id | bigint        | 评论ID          |\n| create_time    | varchar(255)  | 评论日期 时间戳 |\n| like_count     | int           | 点赞数          |\n| user_id        | bigint        | 发表用户ID      |\n| article_id     | bigint        | 评论文章ID      |\n| content        | varchar(3072) | 评论内容content |\n\n\n\n### 文章点赞表 article_praise\n\n| 字段          | 类型         | 说明                |\n| ------------- | ------------ | ------------------- |\n| art_praise_id | bigint       | 文章点赞ID          |\n| article_id    | bigint       | 文章ID              |\n| create_time   | varchar(255) | 文章点赞日期 时间戳 |\n| user_id       | bigint       | 文章点赞用户ID      |\n\n\n\n###  文章评论点赞表 article_discuss_praise\n\n| 字段              | 类型         | 说明                    |\n| ----------------- | ------------ | ----------------------- |\n| art_dis_praise_id | bigint       | 评论点赞ID              |\n| discuss_id        | bigint       | 评论ID                  |\n| create_time       | varchar(255) | 文章评论点赞日期 时间戳 |\n| user_id           | bigint       | 文章评论点赞用户ID      |\n\n\n\n### 用户关注、粉丝数、文章数表 user_social \n\n| 字段           | 类型   | 说明   |\n| -------------- | ------ | ------ |\n| user_social_id | bigint | 社交ID |\n| user_id        | bigint | 用户ID |\n| fans_count     | int    | 粉丝数 |\n| follow_count   | int    | 关注数 |\n| article_count  | int    | 文章数 |\n\n\n\n\n\n### 用户关注表 user_follow\n\n| 字段                | 类型   | 说明           |\n| ------------------- | ------ | -------------- |\n| user_follow_id      | bigint | 关注ID         |\n| active_follower_id  | bigint | 关注者用户ID   |\n| passive_follower_id | bigint | 被关注者用户ID |\n\n\n\n\n\n## 3. 技术栈\n\n> 采用前后端分离技术 Vue + SpringBoot\n\n前端技术\n\n| 名字         | 说明               |\n| ------------ | ------------------ |\n| Vue3         | SPA框架            |\n| Vue-Router 4 | 路由               |\n| Pinia        | 全局状态管理       |\n| Axios        | HTTP请求           |\n| Md-editor-v3 | Markdown编辑器     |\n| Typescript   | JavaScript类型提示 |\n| Vite         | 前端开发与构建工具 |\n| Nprogress    | 页面加载进度条     |\n| Scss         | css扩展框架        |\n| Element-Plus | Vue3组件库         |\n| Prettierrc   | 格式化代码         |\n\n\n\n\n\n\n\n后端技术\n\n| 名字        | 说明      |\n| ----------- | --------- |\n| SpringBoot  | MVC框架   |\n| MyBatis     | ORM框架   |\n| Jwt         | token生成 |\n| Lombok      | 简化代码  |\n| Mysql 5.0.5 | 数据库    |\n\n\n\n', '<h1 id=\"博客系统\"><a href=\"#博客系统\">博客系统</a></h1><h2 id=\"1. 介绍\"><a href=\"#1. 介绍\">1. 介绍</a></h2><blockquote>\n<p>此项目为多人博客项目，内置小组件。</p>\n</blockquote>\n<p>项目地址： <a href=\"https://gitee.com/xuanxiaoqian/multiplayer-blog\">https://gitee.com/xuanxiaoqian/multiplayer-blog</a></p>\n<h2 id=\"2. 数据库设计\"><a href=\"#2. 数据库设计\">2. 数据库设计</a></h2><h3 id=\"用户表 users\"><a href=\"#用户表 users\">用户表 users</a></h3><table>\n<thead>\n<tr>\n<th>字段</th>\n<th>类型</th>\n<th>说明</th>\n</tr>\n</thead>\n<tbody><tr>\n<td>user_id</td>\n<td>bigint</td>\n<td>用户ID</td>\n</tr>\n<tr>\n<td>user_name</td>\n<td>varchar(50)</td>\n<td>用户名</td>\n</tr>\n<tr>\n<td>pass_word</td>\n<td>varchar(50)</td>\n<td>用户密码</td>\n</tr>\n<tr>\n<td>email</td>\n<td>varchar(60)</td>\n<td>邮箱</td>\n</tr>\n<tr>\n<td>nick_name</td>\n<td>varchar(50)</td>\n<td>昵称</td>\n</tr>\n<tr>\n<td>gender</td>\n<td>varchar(5)</td>\n<td>性别(1:男 2:女 0:未知)</td>\n</tr>\n<tr>\n<td>headpic</td>\n<td>varchar(255)</td>\n<td>头像地址</td>\n</tr>\n<tr>\n<td>mobile_phone</td>\n<td>varchar(32)</td>\n<td>手机号</td>\n</tr>\n<tr>\n<td>register_time</td>\n<td>varchar(255)</td>\n<td>注册时间 时间戳</td>\n</tr>\n<tr>\n<td>summary</td>\n<td>varchar(200)</td>\n<td>自我简介</td>\n</tr>\n<tr>\n<td>home_address</td>\n<td>varchar(100)</td>\n<td>自定义的访问路径</td>\n</tr>\n<tr>\n<td>qq_number</td>\n<td>varchar(50)</td>\n<td>QQ号</td>\n</tr>\n<tr>\n<td>we_chat</td>\n<td>varchar(50)</td>\n<td>微信号</td>\n</tr>\n<tr>\n<td>blog_address</td>\n<td>varchar(100)</td>\n<td>自己的博客链接</td>\n</tr>\n</tbody></table>\n<h3 id=\"文章表 article\"><a href=\"#文章表 article\">文章表 article</a></h3><table>\n<thead>\n<tr>\n<th>字段</th>\n<th>类型</th>\n<th>说明</th>\n</tr>\n</thead>\n<tbody><tr>\n<td>article_id</td>\n<td>bigint</td>\n<td>文章ID</td>\n</tr>\n<tr>\n<td>push_date</td>\n<td>varchar(255)</td>\n<td>发布日期 时间戳</td>\n</tr>\n<tr>\n<td>modify_date</td>\n<td>varchar(255)</td>\n<td>最后修改日期 时间戳</td>\n</tr>\n<tr>\n<td>user_id</td>\n<td>bigint</td>\n<td>发表用户ID</td>\n</tr>\n<tr>\n<td>title</td>\n<td>varchar(150)</td>\n<td>博客标题</td>\n</tr>\n<tr>\n<td>like_count</td>\n<td>int</td>\n<td>点赞数</td>\n</tr>\n<tr>\n<td>comment_count</td>\n<td>int</td>\n<td>评论数</td>\n</tr>\n<tr>\n<td>read_count</td>\n<td>int</td>\n<td>浏览量</td>\n</tr>\n<tr>\n<td>top_flag</td>\n<td>varchar(10)</td>\n<td>是否顶置(0:否1:是)</td>\n</tr>\n<tr>\n<td>aricle_summary</td>\n<td>varchar(255)</td>\n<td>文章摘要</td>\n</tr>\n<tr>\n<td>article_img</td>\n<td>varchar(255)</td>\n<td>文章封面地址(可选)</td>\n</tr>\n<tr>\n<td>category_id</td>\n<td>bigint</td>\n<td>分类ID</td>\n</tr>\n<tr>\n<td>tag_id</td>\n<td>bigint</td>\n<td>标签ID</td>\n</tr>\n</tbody></table>\n<h3 id=\"文章草稿箱article_draft\"><a href=\"#文章草稿箱article_draft\">文章草稿箱article_draft</a></h3><table>\n<thead>\n<tr>\n<th>字段</th>\n<th>类型</th>\n<th>说明</th>\n</tr>\n</thead>\n<tbody><tr>\n<td>art_draft_id</td>\n<td>bigint</td>\n<td>文章草稿箱id</td>\n</tr>\n<tr>\n<td>content_md</td>\n<td>longtext</td>\n<td>文章markdown内容</td>\n</tr>\n<tr>\n<td>user_id</td>\n<td>bigint</td>\n<td>用户ID</td>\n</tr>\n<tr>\n<td>create_time</td>\n<td>varchar(255)</td>\n<td>创建时间 时间戳</td>\n</tr>\n<tr>\n<td>modify_date</td>\n<td>varchar(255)</td>\n<td>最后修改日期 时间戳</td>\n</tr>\n</tbody></table>\n<h3 id=\"文章收藏表article_collect\"><a href=\"#文章收藏表article_collect\">文章收藏表article_collect</a></h3><table>\n<thead>\n<tr>\n<th>字段</th>\n<th>类型</th>\n<th>说明</th>\n</tr>\n</thead>\n<tbody><tr>\n<td>art_collect_id</td>\n<td>bigint</td>\n<td>文章收藏id</td>\n</tr>\n<tr>\n<td>article_id</td>\n<td>bigint</td>\n<td>文章ID</td>\n</tr>\n<tr>\n<td>user_id</td>\n<td>bigint</td>\n<td>收藏用户ID</td>\n</tr>\n</tbody></table>\n<h3 id=\"文章详情表 article_detail\"><a href=\"#文章详情表 article_detail\">文章详情表 article_detail</a></h3><table>\n<thead>\n<tr>\n<th>字段</th>\n<th>类型</th>\n<th>说明</th>\n</tr>\n</thead>\n<tbody><tr>\n<td>art_detail_id</td>\n<td>bigint</td>\n<td>文章详情id</td>\n</tr>\n<tr>\n<td>content_md</td>\n<td>longtext</td>\n<td>文章markdown内容</td>\n</tr>\n<tr>\n<td>content_html</td>\n<td>longtext</td>\n<td>文章html内容</td>\n</tr>\n<tr>\n<td>article_id</td>\n<td>bignit</td>\n<td>文章ID</td>\n</tr>\n</tbody></table>\n<h3 id=\"文章分类表 article_category\"><a href=\"#文章分类表 article_category\">文章分类表 article_category</a></h3><table>\n<thead>\n<tr>\n<th>字段</th>\n<th>类型</th>\n<th>说明</th>\n</tr>\n</thead>\n<tbody><tr>\n<td>art_category_id</td>\n<td>bigint</td>\n<td>分类ID</td>\n</tr>\n<tr>\n<td>category_name</td>\n<td>varchar(46)</td>\n<td>分类名称</td>\n</tr>\n<tr>\n<td>description</td>\n<td>varchar(128)</td>\n<td>分类描述</td>\n</tr>\n<tr>\n<td>create_time</td>\n<td>varchar(255)</td>\n<td>创建时间 时间戳</td>\n</tr>\n</tbody></table>\n<h3 id=\"文章标签表 article_tag\"><a href=\"#文章标签表 article_tag\">文章标签表 article_tag</a></h3><table>\n<thead>\n<tr>\n<th>字段</th>\n<th>类型</th>\n<th>说明</th>\n</tr>\n</thead>\n<tbody><tr>\n<td>art_tag_id</td>\n<td>bigint</td>\n<td>标签ID</td>\n</tr>\n<tr>\n<td>tag_name</td>\n<td>varchar(64)</td>\n<td>标签名称</td>\n</tr>\n<tr>\n<td>description</td>\n<td>varchar(128)</td>\n<td>标签描述</td>\n</tr>\n<tr>\n<td>create_time</td>\n<td>varchar(255)</td>\n<td>创建时间 时间戳</td>\n</tr>\n</tbody></table>\n<h3 id=\"文章评论表 article_discuss\"><a href=\"#文章评论表 article_discuss\">文章评论表 article_discuss</a></h3><table>\n<thead>\n<tr>\n<th>字段</th>\n<th>类型</th>\n<th>说明</th>\n</tr>\n</thead>\n<tbody><tr>\n<td>art_discuss_id</td>\n<td>bigint</td>\n<td>评论ID</td>\n</tr>\n<tr>\n<td>create_time</td>\n<td>varchar(255)</td>\n<td>评论日期 时间戳</td>\n</tr>\n<tr>\n<td>like_count</td>\n<td>int</td>\n<td>点赞数</td>\n</tr>\n<tr>\n<td>user_id</td>\n<td>bigint</td>\n<td>发表用户ID</td>\n</tr>\n<tr>\n<td>article_id</td>\n<td>bigint</td>\n<td>评论文章ID</td>\n</tr>\n<tr>\n<td>content</td>\n<td>varchar(3072)</td>\n<td>评论内容content</td>\n</tr>\n</tbody></table>\n<h3 id=\"文章点赞表 article_praise\"><a href=\"#文章点赞表 article_praise\">文章点赞表 article_praise</a></h3><table>\n<thead>\n<tr>\n<th>字段</th>\n<th>类型</th>\n<th>说明</th>\n</tr>\n</thead>\n<tbody><tr>\n<td>art_praise_id</td>\n<td>bigint</td>\n<td>文章点赞ID</td>\n</tr>\n<tr>\n<td>article_id</td>\n<td>bigint</td>\n<td>文章ID</td>\n</tr>\n<tr>\n<td>create_time</td>\n<td>varchar(255)</td>\n<td>文章点赞日期 时间戳</td>\n</tr>\n<tr>\n<td>user_id</td>\n<td>bigint</td>\n<td>文章点赞用户ID</td>\n</tr>\n</tbody></table>\n<h3 id=\"文章评论点赞表 article_discuss_praise\"><a href=\"#文章评论点赞表 article_discuss_praise\">文章评论点赞表 article_discuss_praise</a></h3><table>\n<thead>\n<tr>\n<th>字段</th>\n<th>类型</th>\n<th>说明</th>\n</tr>\n</thead>\n<tbody><tr>\n<td>art_dis_praise_id</td>\n<td>bigint</td>\n<td>评论点赞ID</td>\n</tr>\n<tr>\n<td>discuss_id</td>\n<td>bigint</td>\n<td>评论ID</td>\n</tr>\n<tr>\n<td>create_time</td>\n<td>varchar(255)</td>\n<td>文章评论点赞日期 时间戳</td>\n</tr>\n<tr>\n<td>user_id</td>\n<td>bigint</td>\n<td>文章评论点赞用户ID</td>\n</tr>\n</tbody></table>\n<h3 id=\"用户关注、粉丝数、文章数表 user_social\"><a href=\"#用户关注、粉丝数、文章数表 user_social\">用户关注、粉丝数、文章数表 user_social</a></h3><table>\n<thead>\n<tr>\n<th>字段</th>\n<th>类型</th>\n<th>说明</th>\n</tr>\n</thead>\n<tbody><tr>\n<td>user_social_id</td>\n<td>bigint</td>\n<td>社交ID</td>\n</tr>\n<tr>\n<td>user_id</td>\n<td>bigint</td>\n<td>用户ID</td>\n</tr>\n<tr>\n<td>fans_count</td>\n<td>int</td>\n<td>粉丝数</td>\n</tr>\n<tr>\n<td>follow_count</td>\n<td>int</td>\n<td>关注数</td>\n</tr>\n<tr>\n<td>article_count</td>\n<td>int</td>\n<td>文章数</td>\n</tr>\n</tbody></table>\n<h3 id=\"用户关注表 user_follow\"><a href=\"#用户关注表 user_follow\">用户关注表 user_follow</a></h3><table>\n<thead>\n<tr>\n<th>字段</th>\n<th>类型</th>\n<th>说明</th>\n</tr>\n</thead>\n<tbody><tr>\n<td>user_follow_id</td>\n<td>bigint</td>\n<td>关注ID</td>\n</tr>\n<tr>\n<td>active_follower_id</td>\n<td>bigint</td>\n<td>关注者用户ID</td>\n</tr>\n<tr>\n<td>passive_follower_id</td>\n<td>bigint</td>\n<td>被关注者用户ID</td>\n</tr>\n</tbody></table>\n<h2 id=\"3. 技术栈\"><a href=\"#3. 技术栈\">3. 技术栈</a></h2><blockquote>\n<p>采用前后端分离技术 Vue + SpringBoot</p>\n</blockquote>\n<p>前端技术</p>\n<table>\n<thead>\n<tr>\n<th>名字</th>\n<th>说明</th>\n</tr>\n</thead>\n<tbody><tr>\n<td>Vue3</td>\n<td>SPA框架</td>\n</tr>\n<tr>\n<td>Vue-Router 4</td>\n<td>路由</td>\n</tr>\n<tr>\n<td>Pinia</td>\n<td>全局状态管理</td>\n</tr>\n<tr>\n<td>Axios</td>\n<td>HTTP请求</td>\n</tr>\n<tr>\n<td>Md-editor-v3</td>\n<td>Markdown编辑器</td>\n</tr>\n<tr>\n<td>Typescript</td>\n<td>JavaScript类型提示</td>\n</tr>\n<tr>\n<td>Vite</td>\n<td>前端开发与构建工具</td>\n</tr>\n<tr>\n<td>Nprogress</td>\n<td>页面加载进度条</td>\n</tr>\n<tr>\n<td>Scss</td>\n<td>css扩展框架</td>\n</tr>\n<tr>\n<td>Element-Plus</td>\n<td>Vue3组件库</td>\n</tr>\n<tr>\n<td>Prettierrc</td>\n<td>格式化代码</td>\n</tr>\n</tbody></table>\n<p>后端技术</p>\n<table>\n<thead>\n<tr>\n<th>名字</th>\n<th>说明</th>\n</tr>\n</thead>\n<tbody><tr>\n<td>SpringBoot</td>\n<td>MVC框架</td>\n</tr>\n<tr>\n<td>MyBatis</td>\n<td>ORM框架</td>\n</tr>\n<tr>\n<td>Jwt</td>\n<td>token生成</td>\n</tr>\n<tr>\n<td>Lombok</td>\n<td>简化代码</td>\n</tr>\n<tr>\n<td>Mysql 5.0.5</td>\n<td>数据库</td>\n</tr>\n</tbody></table>\n', 3);
INSERT INTO `article_detail` VALUES (4, '测试用的你懂吗\n\n你应该懂我是测试的吧', '<p>测试用的你懂吗</p>\n<p>你应该懂我是测试的吧</p>\n', 4);
INSERT INTO `article_detail` VALUES (5, '# 大家好，第一次发布文章多多包涵\n> 我是第一次来到这个平台分享知识，希望能帮助到你们', '<h1 id=\"大家好，第一次发布文章多多包涵\"><a href=\"#大家好，第一次发布文章多多包涵\">大家好，第一次发布文章多多包涵</a></h1><blockquote>\n<p>我是第一次来到这个平台分享知识，希望能帮助到你们</p>\n</blockquote>\n', 5);
INSERT INTO `article_detail` VALUES (6, '快来测试我求求你了\n，我要杯收藏了', '<p>快来测试我求求你了<br>，我要杯收藏了</p>\n', 6);
INSERT INTO `article_detail` VALUES (7, '你觉得我在草稿箱里吗安安', '<p>你觉得我在草稿箱里吗安安</p>\n', 7);
INSERT INTO `article_detail` VALUES (8, '你要来测试我们 ', '<p>你要来测试我们 </p>\n', 8);
INSERT INTO `article_detail` VALUES (9, '你要测试我吗ww', '<p>你要测试我吗ww</p>\n', 9);
INSERT INTO `article_detail` VALUES (10, '你要测试我吗，我不测试了我直接发布耗不过', '<p>你要测试我吗，我不测试了我直接发布耗不过</p>\n', 10);
INSERT INTO `article_detail` VALUES (11, '你要测试我吗wa fabu了', '<p>你要测试我吗wa fabu了</p>\n', 11);
INSERT INTO `article_detail` VALUES (12, '大青蛙多群无', '<p>大青蛙多群无</p>\n', 12);
INSERT INTO `article_detail` VALUES (13, '请求', '<p>请求</p>\n', 13);
INSERT INTO `article_detail` VALUES (14, '强无敌群无多去', '<p>强无敌群无多去</p>\n', 14);

-- ----------------------------
-- Table structure for article_discuss
-- ----------------------------
DROP TABLE IF EXISTS `article_discuss`;
CREATE TABLE `article_discuss`  (
  `art_discuss_id` bigint(20) NOT NULL AUTO_INCREMENT COMMENT '评论ID',
  `create_time` varchar(255) CHARACTER SET utf8 COLLATE utf8_general_ci NULL DEFAULT NULL COMMENT '评论日期 时间戳',
  `like_count` int(11) NULL DEFAULT NULL COMMENT '点赞数',
  `user_id` bigint(20) NULL DEFAULT NULL COMMENT '发表用户ID',
  `article_id` bigint(20) NULL DEFAULT NULL COMMENT '评论文章ID',
  `content` varchar(3072) CHARACTER SET utf8 COLLATE utf8_general_ci NULL DEFAULT NULL COMMENT '评论内容content',
  PRIMARY KEY USING BTREE (`art_discuss_id`)
) ENGINE = MyISAM AUTO_INCREMENT = 1 CHARACTER SET = utf8 COLLATE = utf8_general_ci ROW_FORMAT = Dynamic;

-- ----------------------------
-- Records of article_discuss
-- ----------------------------

-- ----------------------------
-- Table structure for article_discuss_praise
-- ----------------------------
DROP TABLE IF EXISTS `article_discuss_praise`;
CREATE TABLE `article_discuss_praise`  (
  `art_dis_praise_id` bigint(20) NOT NULL AUTO_INCREMENT COMMENT '评论点赞ID',
  `discuss_id` bigint(20) NULL DEFAULT NULL COMMENT '评论ID',
  `create_time` varchar(255) CHARACTER SET utf8 COLLATE utf8_general_ci NULL DEFAULT NULL COMMENT '文章评论点赞日期 时间戳',
  `user_id` bigint(20) NULL DEFAULT NULL COMMENT '文章评论点赞用户ID',
  PRIMARY KEY USING BTREE (`art_dis_praise_id`)
) ENGINE = MyISAM AUTO_INCREMENT = 1 CHARACTER SET = utf8 COLLATE = utf8_general_ci ROW_FORMAT = Dynamic;

-- ----------------------------
-- Records of article_discuss_praise
-- ----------------------------

-- ----------------------------
-- Table structure for article_draft
-- ----------------------------
DROP TABLE IF EXISTS `article_draft`;
CREATE TABLE `article_draft`  (
  `art_draft_id` bigint(20) NOT NULL AUTO_INCREMENT COMMENT '文章草稿箱id',
  `content_md` longtext CHARACTER SET utf8 COLLATE utf8_general_ci NULL COMMENT '文章markdown内容',
  `user_id` bigint(20) NULL DEFAULT NULL COMMENT '用户ID',
  `create_time` varchar(255) CHARACTER SET utf8 COLLATE utf8_general_ci NULL DEFAULT NULL COMMENT '创建时间 时间戳',
  `modify_date` varchar(255) CHARACTER SET utf8 COLLATE utf8_general_ci NULL DEFAULT NULL COMMENT '最后修改日期 时间戳',
  PRIMARY KEY USING BTREE (`art_draft_id`)
) ENGINE = MyISAM AUTO_INCREMENT = 1 CHARACTER SET = utf8 COLLATE = utf8_general_ci ROW_FORMAT = Dynamic;

-- ----------------------------
-- Records of article_draft
-- ----------------------------

-- ----------------------------
-- Table structure for article_praise
-- ----------------------------
DROP TABLE IF EXISTS `article_praise`;
CREATE TABLE `article_praise`  (
  `art_praise_id` bigint(20) NOT NULL AUTO_INCREMENT COMMENT '文章点赞ID',
  `article_id` bigint(20) NULL DEFAULT NULL COMMENT '文章ID',
  `create_time` varchar(255) CHARACTER SET utf8 COLLATE utf8_general_ci NULL DEFAULT NULL COMMENT '文章点赞日期 时间戳',
  `user_id` bigint(20) NULL DEFAULT NULL COMMENT '文章点赞用户ID',
  `status` tinyint(5) NULL DEFAULT NULL COMMENT '点赞状态 (0取消 1点赞)',
  PRIMARY KEY USING BTREE (`art_praise_id`)
) ENGINE = MyISAM AUTO_INCREMENT = 7 CHARACTER SET = utf8 COLLATE = utf8_general_ci ROW_FORMAT = Dynamic;

-- ----------------------------
-- Records of article_praise
-- ----------------------------
INSERT INTO `article_praise` VALUES (1, 3, '1649755769000', 2, 0);
INSERT INTO `article_praise` VALUES (2, 1, '1649755781000', 2, 0);
INSERT INTO `article_praise` VALUES (3, 1, '1649755995000', 1, 1);
INSERT INTO `article_praise` VALUES (4, 2, '1649815796000', 2, 0);
INSERT INTO `article_praise` VALUES (5, 5, '1649815797000', 2, 0);
INSERT INTO `article_praise` VALUES (6, 6, '1649815798000', 2, 0);

-- ----------------------------
-- Table structure for article_tag
-- ----------------------------
DROP TABLE IF EXISTS `article_tag`;
CREATE TABLE `article_tag`  (
  `art_tag_id` bigint(20) NOT NULL AUTO_INCREMENT COMMENT '标签ID',
  `tag_name` varchar(64) CHARACTER SET utf8 COLLATE utf8_general_ci NULL DEFAULT NULL COMMENT '标签名称',
  `description` varchar(128) CHARACTER SET utf8 COLLATE utf8_general_ci NULL DEFAULT NULL COMMENT '标签描述',
  `create_time` varchar(255) CHARACTER SET utf8 COLLATE utf8_general_ci NULL DEFAULT NULL COMMENT '创建时间 时间戳',
  PRIMARY KEY USING BTREE (`art_tag_id`)
) ENGINE = MyISAM AUTO_INCREMENT = 7 CHARACTER SET = utf8 COLLATE = utf8_general_ci ROW_FORMAT = Dynamic;

-- ----------------------------
-- Records of article_tag
-- ----------------------------
INSERT INTO `article_tag` VALUES (1, 'JavaScript', '前端脚本语言', '1648955170739');
INSERT INTO `article_tag` VALUES (2, 'GitHub', NULL, NULL);
INSERT INTO `article_tag` VALUES (3, '面试', NULL, NULL);
INSERT INTO `article_tag` VALUES (4, '架构', NULL, NULL);
INSERT INTO `article_tag` VALUES (5, 'Vue.js', NULL, NULL);
INSERT INTO `article_tag` VALUES (6, 'React', NULL, NULL);

-- ----------------------------
-- Table structure for user_follow
-- ----------------------------
DROP TABLE IF EXISTS `user_follow`;
CREATE TABLE `user_follow`  (
  `user_follow_id` bigint(20) NOT NULL AUTO_INCREMENT COMMENT '关注ID',
  `active_follow_id` bigint(20) NULL DEFAULT NULL COMMENT '关注者用户ID',
  `passive_follow_id` bigint(20) NULL DEFAULT NULL COMMENT '被关注者用户ID',
  `status` tinyint(1) NULL DEFAULT NULL COMMENT '关注状态(0取消 1关注)',
  `create_time` varchar(255) CHARACTER SET utf8 COLLATE utf8_general_ci NULL DEFAULT NULL COMMENT '创建时间 时间戳',
  `update_time` varchar(255) CHARACTER SET utf8 COLLATE utf8_general_ci NULL DEFAULT NULL COMMENT '修改时间 时间戳',
  PRIMARY KEY USING BTREE (`user_follow_id`)
) ENGINE = MyISAM AUTO_INCREMENT = 2 CHARACTER SET = utf8 COLLATE = utf8_general_ci ROW_FORMAT = Dynamic;

-- ----------------------------
-- Records of user_follow
-- ----------------------------
INSERT INTO `user_follow` VALUES (1, 2, 1, 1, '1649755283000', '1649832547000');

-- ----------------------------
-- Table structure for user_social
-- ----------------------------
DROP TABLE IF EXISTS `user_social`;
CREATE TABLE `user_social`  (
  `user_social_id` bigint(20) NOT NULL AUTO_INCREMENT COMMENT '社交ID',
  `user_id` bigint(20) NULL DEFAULT NULL COMMENT '用户ID',
  `fans_count` int(11) NULL DEFAULT NULL COMMENT '粉丝数',
  `follow_count` int(11) NULL DEFAULT NULL COMMENT '关注数',
  `article_count` int(11) NULL DEFAULT NULL COMMENT '文章数',
  PRIMARY KEY USING BTREE (`user_social_id`)
) ENGINE = MyISAM AUTO_INCREMENT = 3 CHARACTER SET = utf8 COLLATE = utf8_general_ci ROW_FORMAT = Fixed;

-- ----------------------------
-- Records of user_social
-- ----------------------------
INSERT INTO `user_social` VALUES (1, 1, 31, 99, 9982);
INSERT INTO `user_social` VALUES (2, 2, 0, 0, 9);

-- ----------------------------
-- Table structure for users
-- ----------------------------
DROP TABLE IF EXISTS `users`;
CREATE TABLE `users`  (
  `user_id` bigint(20) NOT NULL AUTO_INCREMENT COMMENT '用户ID',
  `user_name` varchar(50) CHARACTER SET utf8 COLLATE utf8_general_ci NULL DEFAULT NULL COMMENT '用户名',
  `pass_word` varchar(50) CHARACTER SET utf8 COLLATE utf8_general_ci NULL DEFAULT NULL COMMENT '用户密码',
  `email` varchar(60) CHARACTER SET utf8 COLLATE utf8_general_ci NULL DEFAULT NULL COMMENT '邮箱',
  `nick_name` varchar(50) CHARACTER SET utf8 COLLATE utf8_general_ci NULL DEFAULT NULL COMMENT '昵称',
  `gender` varchar(5) CHARACTER SET utf8 COLLATE utf8_general_ci NULL DEFAULT NULL COMMENT '性别(1:男 2:女)',
  `headpic` varchar(255) CHARACTER SET utf8 COLLATE utf8_general_ci NULL DEFAULT NULL COMMENT '头像地址',
  `mobile_phone` varchar(32) CHARACTER SET utf8 COLLATE utf8_general_ci NULL DEFAULT NULL COMMENT '手机号',
  `register_time` varchar(255) CHARACTER SET utf8 COLLATE utf8_general_ci NULL DEFAULT NULL COMMENT '注册时间 时间戳',
  `summary` varchar(200) CHARACTER SET utf8 COLLATE utf8_general_ci NULL DEFAULT NULL COMMENT '自我简介',
  `home_address` varchar(100) CHARACTER SET utf8 COLLATE utf8_general_ci NULL DEFAULT NULL COMMENT '自定义的访问路径',
  `qq_number` varchar(50) CHARACTER SET utf8 COLLATE utf8_general_ci NULL DEFAULT NULL COMMENT 'QQ号',
  `we_chat` varchar(50) CHARACTER SET utf8 COLLATE utf8_general_ci NULL DEFAULT NULL COMMENT '微信号',
  `blog_address` varchar(100) CHARACTER SET utf8 COLLATE utf8_general_ci NULL DEFAULT NULL COMMENT '自己的博客链接',
  PRIMARY KEY USING BTREE (`user_id`)
) ENGINE = MyISAM AUTO_INCREMENT = 3 CHARACTER SET = utf8 COLLATE = utf8_general_ci ROW_FORMAT = Dynamic;

-- ----------------------------
-- Records of users
-- ----------------------------
INSERT INTO `users` VALUES (1, '3102535247', '123456', '3102535247@qq.com', '轩小浅', '1', 'https://s3.bmp.ovh/imgs/2022/03/b71de5657f36d51a.jpg', '13016060246', '1648955170739', '有伞的从不怕雨，没伞的怨天尤人。', 'xuanxiaoqian', '3102535247', 'xuanxiaoqian7', 'xuanxiaoqian.com');
INSERT INTO `users` VALUES (2, 'root', '123456', 'root@qq.com', '管理员12', '1', 'https://img1.baidu.com/it/u=2196140595,1862624692&fm=253&fmt=auto&app=138&f=JPEG?w=500&h=500', '12345678910', '1649122028000', '我是管理员我怕谁', 'root', '123', 'root', 'root.com');

SET FOREIGN_KEY_CHECKS = 1;
